{
  "project_info": {
    "project_number": "183920382403",
    "project_id": "truciousapp",
    "storage_bucket": "truciousapp.appspot.com"
  },
  "client": [
    {
      "client_info": {
        "mobilesdk_app_id": "1:183920382403:android:9797f346b4b131f24c2d76",
        "android_client_info": {
          "package_name": "com.thesawraj.truceApp"
        }
      },
      "oauth_client": [
        {
          "client_id": "183920382403-lcjvg0euem09q70254kbaveo8cik3oud.apps.googleusercontent.com",
          "client_type": 3
        }
      ],
      "api_key": [
        {
          "current_key": "AIzaSyDa7hSFNJ8QdMO1PFwH0jiW3sR02N0wzzE"
        }
      ],
      "services": {
        "appinvite_service": {
          "other_platform_oauth_client": [
            {
              "client_id": "183920382403-lcjvg0euem09q70254kbaveo8cik3oud.apps.googleusercontent.com",
              "client_type": 3
            }
          ]
        }
      }
    }
  ],
  "configuration_version": "1"
}