{"v":"5.4.1","fr":29.9700012207031,"ip":0,"op":92.0000037472368,"w":350,"h":350,"nm":"Comp 1","ddd":0,"assets":[],"layers":[{"ddd":0,"ind":1,"ty":4,"nm":"Shape Layer 14","sr":1,"ks":{"o":{"a":1,"k":[{"i":{"x":[0.833],"y":[0.833]},"o":{"x":[0.167],"y":[0.167]},"n":["0p833_0p833_0p167_0p167"],"t":15,"s":[0],"e":[100]},{"i":{"x":[0.833],"y":[0.833]},"o":{"x":[0.167],"y":[0.167]},"n":["0p833_0p833_0p167_0p167"],"t":30,"s":[100],"e":[100]},{"i":{"x":[0.833],"y":[0.833]},"o":{"x":[0.167],"y":[0.167]},"n":["0p833_0p833_0p167_0p167"],"t":36,"s":[100],"e":[0]},{"t":52.0000021180034}],"ix":11},"r":{"a":0,"k":304,"ix":10},"p":{"a":0,"k":[175,175,0],"ix":2},"a":{"a":0,"k":[0,0,0],"ix":1},"s":{"a":1,"k":[{"i":{"x":[0.23,0.23,0.23],"y":[1,1,1]},"o":{"x":[0.77,0.77,0.77],"y":[0,0,0]},"n":["0p23_1_0p77_0","0p23_1_0p77_0","0p23_1_0p77_0"],"t":15,"s":[100,100,100],"e":[100,-100.355,100]},{"t":55.0000022401959}],"ix":6}},"ao":0,"hasMask":true,"masksProperties":[{"inv":false,"mode":"s","pt":{"a":0,"k":{"i":[[120.95,0],[0,-144.422],[-120.95,0],[0,144.422]],"o":[[-120.95,0],[0,144.422],[120.95,0],[0,-144.422]],"v":[[0,-126],[-219,135.5],[0,397],[219,135.5]],"c":true},"ix":1},"o":{"a":0,"k":100,"ix":3},"x":{"a":0,"k":0,"ix":4},"nm":"Mask 1"}],"shapes":[{"ty":"gr","it":[{"d":1,"ty":"el","s":{"a":0,"k":[282,282],"ix":2},"p":{"a":0,"k":[0,0],"ix":3},"nm":"Ellipse Path 1","mn":"ADBE Vector Shape - Ellipse","hd":false},{"ty":"st","c":{"a":0,"k":[1,1,1,1],"ix":3},"o":{"a":0,"k":0,"ix":4},"w":{"a":0,"k":1,"ix":5},"lc":1,"lj":1,"ml":4,"ml2":{"a":0,"k":4,"ix":8},"nm":"Stroke 1","mn":"ADBE Vector Graphic - Stroke","hd":false},{"ty":"fl","c":{"a":0,"k":[1,0,0,1],"ix":4},"o":{"a":0,"k":100,"ix":5},"r":1,"nm":"Fill 1","mn":"ADBE Vector Graphic - Fill","hd":false},{"ty":"tr","p":{"a":0,"k":[1,0],"ix":2},"a":{"a":0,"k":[0,0],"ix":1},"s":{"a":0,"k":[100,100],"ix":3},"r":{"a":0,"k":0,"ix":6},"o":{"a":0,"k":100,"ix":7},"sk":{"a":0,"k":0,"ix":4},"sa":{"a":0,"k":0,"ix":5},"nm":"Transform"}],"nm":"Ellipse 1","np":3,"cix":2,"ix":1,"mn":"ADBE Vector Group","hd":false}],"ip":15.0000006109625,"op":615.000025049463,"st":15.0000006109625,"bm":0},{"ddd":0,"ind":2,"ty":4,"nm":"Shape Layer 13","sr":1,"ks":{"o":{"a":1,"k":[{"i":{"x":[0.833],"y":[0.833]},"o":{"x":[0.167],"y":[0.167]},"n":["0p833_0p833_0p167_0p167"],"t":6,"s":[0],"e":[100]},{"i":{"x":[0.833],"y":[0.833]},"o":{"x":[0.167],"y":[0.167]},"n":["0p833_0p833_0p167_0p167"],"t":21,"s":[100],"e":[100]},{"i":{"x":[0.833],"y":[0.833]},"o":{"x":[0.167],"y":[0.167]},"n":["0p833_0p833_0p167_0p167"],"t":27,"s":[100],"e":[0]},{"t":43.0000017514259}],"ix":11},"r":{"a":0,"k":90,"ix":10},"p":{"a":0,"k":[175,175,0],"ix":2},"a":{"a":0,"k":[0,0,0],"ix":1},"s":{"a":1,"k":[{"i":{"x":[0.23,0.23,0.23],"y":[1,1,1]},"o":{"x":[0.77,0.77,0.77],"y":[0,0,0]},"n":["0p23_1_0p77_0","0p23_1_0p77_0","0p23_1_0p77_0"],"t":6,"s":[100,100,100],"e":[100,-100.355,100]},{"t":46.0000018736184}],"ix":6}},"ao":0,"hasMask":true,"masksProperties":[{"inv":false,"mode":"s","pt":{"a":0,"k":{"i":[[120.95,0],[0,-144.422],[-120.95,0],[0,144.422]],"o":[[-120.95,0],[0,144.422],[120.95,0],[0,-144.422]],"v":[[0,-126],[-219,135.5],[0,397],[219,135.5]],"c":true},"ix":1},"o":{"a":0,"k":100,"ix":3},"x":{"a":0,"k":0,"ix":4},"nm":"Mask 1"}],"shapes":[{"ty":"gr","it":[{"d":1,"ty":"el","s":{"a":0,"k":[282,282],"ix":2},"p":{"a":0,"k":[0,0],"ix":3},"nm":"Ellipse Path 1","mn":"ADBE Vector Shape - Ellipse","hd":false},{"ty":"st","c":{"a":0,"k":[1,1,1,1],"ix":3},"o":{"a":0,"k":0,"ix":4},"w":{"a":0,"k":1,"ix":5},"lc":1,"lj":1,"ml":4,"ml2":{"a":0,"k":4,"ix":8},"nm":"Stroke 1","mn":"ADBE Vector Graphic - Stroke","hd":false},{"ty":"fl","c":{"a":0,"k":[1,0,0,1],"ix":4},"o":{"a":0,"k":100,"ix":5},"r":1,"nm":"Fill 1","mn":"ADBE Vector Graphic - Fill","hd":false},{"ty":"tr","p":{"a":0,"k":[1,0],"ix":2},"a":{"a":0,"k":[0,0],"ix":1},"s":{"a":0,"k":[100,100],"ix":3},"r":{"a":0,"k":0,"ix":6},"o":{"a":0,"k":100,"ix":7},"sk":{"a":0,"k":0,"ix":4},"sa":{"a":0,"k":0,"ix":5},"nm":"Transform"}],"nm":"Ellipse 1","np":3,"cix":2,"ix":1,"mn":"ADBE Vector Group","hd":false}],"ip":6.00000024438501,"op":606.000024682886,"st":6.00000024438501,"bm":0},{"ddd":0,"ind":3,"ty":4,"nm":"Shape Layer 12","sr":1,"ks":{"o":{"a":1,"k":[{"i":{"x":[0.833],"y":[0.833]},"o":{"x":[0.167],"y":[0.167]},"n":["0p833_0p833_0p167_0p167"],"t":0,"s":[0],"e":[100]},{"i":{"x":[0.833],"y":[0.833]},"o":{"x":[0.167],"y":[0.167]},"n":["0p833_0p833_0p167_0p167"],"t":15,"s":[100],"e":[100]},{"i":{"x":[0.833],"y":[0.833]},"o":{"x":[0.167],"y":[0.167]},"n":["0p833_0p833_0p167_0p167"],"t":21,"s":[100],"e":[0]},{"t":38.0000015477717}],"ix":11},"r":{"a":0,"k":0,"ix":10},"p":{"a":0,"k":[175,175,0],"ix":2},"a":{"a":0,"k":[0,0,0],"ix":1},"s":{"a":1,"k":[{"i":{"x":[0.23,0.23,0.23],"y":[1,1,1]},"o":{"x":[0.77,0.77,0.77],"y":[0,0,0]},"n":["0p23_1_0p77_0","0p23_1_0p77_0","0p23_1_0p77_0"],"t":0,"s":[100,100,100],"e":[100,-100.355,100]},{"t":40.0000016292334}],"ix":6}},"ao":0,"hasMask":true,"masksProperties":[{"inv":false,"mode":"s","pt":{"a":0,"k":{"i":[[120.95,0],[0,-144.422],[-120.95,0],[0,144.422]],"o":[[-120.95,0],[0,144.422],[120.95,0],[0,-144.422]],"v":[[0,-126],[-219,135.5],[0,397],[219,135.5]],"c":true},"ix":1},"o":{"a":0,"k":100,"ix":3},"x":{"a":0,"k":0,"ix":4},"nm":"Mask 1"}],"shapes":[{"ty":"gr","it":[{"d":1,"ty":"el","s":{"a":0,"k":[282,282],"ix":2},"p":{"a":0,"k":[0,0],"ix":3},"nm":"Ellipse Path 1","mn":"ADBE Vector Shape - Ellipse","hd":false},{"ty":"st","c":{"a":0,"k":[1,1,1,1],"ix":3},"o":{"a":0,"k":0,"ix":4},"w":{"a":0,"k":1,"ix":5},"lc":1,"lj":1,"ml":4,"ml2":{"a":0,"k":4,"ix":8},"nm":"Stroke 1","mn":"ADBE Vector Graphic - Stroke","hd":false},{"ty":"fl","c":{"a":0,"k":[1,0,0,1],"ix":4},"o":{"a":0,"k":100,"ix":5},"r":1,"nm":"Fill 1","mn":"ADBE Vector Graphic - Fill","hd":false},{"ty":"tr","p":{"a":0,"k":[1,0],"ix":2},"a":{"a":0,"k":[0,0],"ix":1},"s":{"a":0,"k":[100,100],"ix":3},"r":{"a":0,"k":0,"ix":6},"o":{"a":0,"k":100,"ix":7},"sk":{"a":0,"k":0,"ix":4},"sa":{"a":0,"k":0,"ix":5},"nm":"Transform"}],"nm":"Ellipse 1","np":3,"cix":2,"ix":1,"mn":"ADBE Vector Group","hd":false}],"ip":0,"op":600.000024438501,"st":0,"bm":0},{"ddd":0,"ind":4,"ty":4,"nm":"Shape Layer 11","sr":1,"ks":{"o":{"a":1,"k":[{"i":{"x":[0.833],"y":[0.833]},"o":{"x":[0.167],"y":[0.167]},"n":["0p833_0p833_0p167_0p167"],"t":33,"s":[100],"e":[0]},{"t":48.0000019550801}],"ix":11},"r":{"a":0,"k":0,"ix":10},"p":{"a":0,"k":[191.5,179.5,0],"ix":2},"a":{"a":0,"k":[-37.5,-42.5,0],"ix":1},"s":{"a":1,"k":[{"i":{"x":[0.833,0.833,0.833],"y":[0.833,0.833,0.833]},"o":{"x":[0.167,0.167,0.167],"y":[0.167,0.167,0.167]},"n":["0p833_0p833_0p167_0p167","0p833_0p833_0p167_0p167","0p833_0p833_0p167_0p167"],"t":24,"s":[0,0,100],"e":[100,100,100]},{"t":48.0000019550801}],"ix":6}},"ao":0,"shapes":[{"ty":"gr","it":[{"d":1,"ty":"el","s":{"a":0,"k":[8,8],"ix":2},"p":{"a":0,"k":[0,0],"ix":3},"nm":"Ellipse Path 1","mn":"ADBE Vector Shape - Ellipse","hd":false},{"ty":"st","c":{"a":0,"k":[0,0.611764526367,1,1],"ix":3},"o":{"a":0,"k":0,"ix":4},"w":{"a":0,"k":2,"ix":5},"lc":1,"lj":1,"ml":4,"ml2":{"a":0,"k":4,"ix":8},"nm":"Stroke 1","mn":"ADBE Vector Graphic - Stroke","hd":false},{"ty":"fl","c":{"a":0,"k":[1,0.207843122295,0.263760016946,1],"ix":4},"o":{"a":0,"k":100,"ix":5},"r":1,"nm":"Fill 1","mn":"ADBE Vector Graphic - Fill","hd":false},{"ty":"tr","p":{"a":0,"k":[-37.5,-42.5],"ix":2},"a":{"a":0,"k":[0,0],"ix":1},"s":{"a":0,"k":[100,100],"ix":3},"r":{"a":0,"k":0,"ix":6},"o":{"a":0,"k":100,"ix":7},"sk":{"a":0,"k":0,"ix":4},"sa":{"a":0,"k":0,"ix":5},"nm":"Transform"}],"nm":"Ellipse 1","np":3,"cix":2,"ix":1,"mn":"ADBE Vector Group","hd":false}],"ip":24.00000097754,"op":50.0000020365418,"st":24.00000097754,"bm":0},{"ddd":0,"ind":5,"ty":4,"nm":"Shape Layer 10","sr":1,"ks":{"o":{"a":1,"k":[{"i":{"x":[0.833],"y":[0.833]},"o":{"x":[0.167],"y":[0.167]},"n":["0p833_0p833_0p167_0p167"],"t":26,"s":[100],"e":[0]},{"t":41.0000016699642}],"ix":11},"r":{"a":0,"k":0,"ix":10},"p":{"a":0,"k":[207,195.5,0],"ix":2},"a":{"a":0,"k":[-37.5,-42.5,0],"ix":1},"s":{"a":1,"k":[{"i":{"x":[0.833,0.833,0.833],"y":[0.833,0.833,0.833]},"o":{"x":[0.167,0.167,0.167],"y":[0.167,0.167,0.167]},"n":["0p833_0p833_0p167_0p167","0p833_0p833_0p167_0p167","0p833_0p833_0p167_0p167"],"t":17,"s":[0,0,100],"e":[100,100,100]},{"t":41.0000016699642}],"ix":6}},"ao":0,"shapes":[{"ty":"gr","it":[{"d":1,"ty":"el","s":{"a":0,"k":[8,8],"ix":2},"p":{"a":0,"k":[0,0],"ix":3},"nm":"Ellipse Path 1","mn":"ADBE Vector Shape - Ellipse","hd":false},{"ty":"st","c":{"a":0,"k":[0,0.611764526367,1,1],"ix":3},"o":{"a":0,"k":0,"ix":4},"w":{"a":0,"k":2,"ix":5},"lc":1,"lj":1,"ml":4,"ml2":{"a":0,"k":4,"ix":8},"nm":"Stroke 1","mn":"ADBE Vector Graphic - Stroke","hd":false},{"ty":"fl","c":{"a":0,"k":[1,0.207843122295,0.263760016946,1],"ix":4},"o":{"a":0,"k":100,"ix":5},"r":1,"nm":"Fill 1","mn":"ADBE Vector Graphic - Fill","hd":false},{"ty":"tr","p":{"a":0,"k":[-37.5,-42.5],"ix":2},"a":{"a":0,"k":[0,0],"ix":1},"s":{"a":0,"k":[100,100],"ix":3},"r":{"a":0,"k":0,"ix":6},"o":{"a":0,"k":100,"ix":7},"sk":{"a":0,"k":0,"ix":4},"sa":{"a":0,"k":0,"ix":5},"nm":"Transform"}],"nm":"Ellipse 1","np":3,"cix":2,"ix":1,"mn":"ADBE Vector Group","hd":false}],"ip":17.0000006924242,"op":43.0000017514259,"st":17.0000006924242,"bm":0},{"ddd":0,"ind":6,"ty":4,"nm":"Shape Layer 9","sr":1,"ks":{"o":{"a":1,"k":[{"i":{"x":[0.833],"y":[0.833]},"o":{"x":[0.167],"y":[0.167]},"n":["0p833_0p833_0p167_0p167"],"t":13,"s":[100],"e":[0]},{"t":28.0000011404634}],"ix":11},"r":{"a":0,"k":0,"ix":10},"p":{"a":0,"k":[146.5,194.5,0],"ix":2},"a":{"a":0,"k":[-37.5,-42.5,0],"ix":1},"s":{"a":1,"k":[{"i":{"x":[0.833,0.833,0.833],"y":[0.833,0.833,0.833]},"o":{"x":[0.167,0.167,0.167],"y":[0.167,0.167,0.167]},"n":["0p833_0p833_0p167_0p167","0p833_0p833_0p167_0p167","0p833_0p833_0p167_0p167"],"t":4,"s":[0,0,100],"e":[100,100,100]},{"t":28.0000011404634}],"ix":6}},"ao":0,"shapes":[{"ty":"gr","it":[{"d":1,"ty":"el","s":{"a":0,"k":[8,8],"ix":2},"p":{"a":0,"k":[0,0],"ix":3},"nm":"Ellipse Path 1","mn":"ADBE Vector Shape - Ellipse","hd":false},{"ty":"st","c":{"a":0,"k":[0,0.611764526367,1,1],"ix":3},"o":{"a":0,"k":0,"ix":4},"w":{"a":0,"k":2,"ix":5},"lc":1,"lj":1,"ml":4,"ml2":{"a":0,"k":4,"ix":8},"nm":"Stroke 1","mn":"ADBE Vector Graphic - Stroke","hd":false},{"ty":"fl","c":{"a":0,"k":[1,0.207843122295,0.263760016946,1],"ix":4},"o":{"a":0,"k":100,"ix":5},"r":1,"nm":"Fill 1","mn":"ADBE Vector Graphic - Fill","hd":false},{"ty":"tr","p":{"a":0,"k":[-37.5,-42.5],"ix":2},"a":{"a":0,"k":[0,0],"ix":1},"s":{"a":0,"k":[100,100],"ix":3},"r":{"a":0,"k":0,"ix":6},"o":{"a":0,"k":100,"ix":7},"sk":{"a":0,"k":0,"ix":4},"sa":{"a":0,"k":0,"ix":5},"nm":"Transform"}],"nm":"Ellipse 1","np":3,"cix":2,"ix":1,"mn":"ADBE Vector Group","hd":false}],"ip":4.00000016292334,"op":30.0000012219251,"st":4.00000016292334,"bm":0},{"ddd":0,"ind":7,"ty":4,"nm":"Shape Layer 8","sr":1,"ks":{"o":{"a":1,"k":[{"i":{"x":[0.833],"y":[0.833]},"o":{"x":[0.167],"y":[0.167]},"n":["0p833_0p833_0p167_0p167"],"t":18,"s":[100],"e":[0]},{"t":33.0000013441176}],"ix":11},"r":{"a":0,"k":0,"ix":10},"p":{"a":0,"k":[208.5,139.5,0],"ix":2},"a":{"a":0,"k":[-37.5,-42.5,0],"ix":1},"s":{"a":1,"k":[{"i":{"x":[0.833,0.833,0.833],"y":[0.833,0.833,0.833]},"o":{"x":[0.167,0.167,0.167],"y":[0.167,0.167,0.167]},"n":["0p833_0p833_0p167_0p167","0p833_0p833_0p167_0p167","0p833_0p833_0p167_0p167"],"t":9,"s":[0,0,100],"e":[100,100,100]},{"t":33.0000013441176}],"ix":6}},"ao":0,"shapes":[{"ty":"gr","it":[{"d":1,"ty":"el","s":{"a":0,"k":[8,8],"ix":2},"p":{"a":0,"k":[0,0],"ix":3},"nm":"Ellipse Path 1","mn":"ADBE Vector Shape - Ellipse","hd":false},{"ty":"st","c":{"a":0,"k":[0,0.611764526367,1,1],"ix":3},"o":{"a":0,"k":0,"ix":4},"w":{"a":0,"k":2,"ix":5},"lc":1,"lj":1,"ml":4,"ml2":{"a":0,"k":4,"ix":8},"nm":"Stroke 1","mn":"ADBE Vector Graphic - Stroke","hd":false},{"ty":"fl","c":{"a":0,"k":[1,0.207843122295,0.263760016946,1],"ix":4},"o":{"a":0,"k":100,"ix":5},"r":1,"nm":"Fill 1","mn":"ADBE Vector Graphic - Fill","hd":false},{"ty":"tr","p":{"a":0,"k":[-37.5,-42.5],"ix":2},"a":{"a":0,"k":[0,0],"ix":1},"s":{"a":0,"k":[100,100],"ix":3},"r":{"a":0,"k":0,"ix":6},"o":{"a":0,"k":100,"ix":7},"sk":{"a":0,"k":0,"ix":4},"sa":{"a":0,"k":0,"ix":5},"nm":"Transform"}],"nm":"Ellipse 1","np":3,"cix":2,"ix":1,"mn":"ADBE Vector Group","hd":false}],"ip":9.00000036657752,"op":35.0000014255792,"st":9.00000036657752,"bm":0},{"ddd":0,"ind":8,"ty":4,"nm":"Shape Layer 7","sr":1,"ks":{"o":{"a":1,"k":[{"i":{"x":[0.833],"y":[0.833]},"o":{"x":[0.167],"y":[0.167]},"n":["0p833_0p833_0p167_0p167"],"t":9,"s":[100],"e":[0]},{"t":24.00000097754}],"ix":11},"r":{"a":0,"k":0,"ix":10},"p":{"a":0,"k":[137.5,132.5,0],"ix":2},"a":{"a":0,"k":[-37.5,-42.5,0],"ix":1},"s":{"a":1,"k":[{"i":{"x":[0.833,0.833,0.833],"y":[0.833,0.833,0.833]},"o":{"x":[0.167,0.167,0.167],"y":[0.167,0.167,0.167]},"n":["0p833_0p833_0p167_0p167","0p833_0p833_0p167_0p167","0p833_0p833_0p167_0p167"],"t":0,"s":[0,0,100],"e":[100,100,100]},{"t":24.00000097754}],"ix":6}},"ao":0,"shapes":[{"ty":"gr","it":[{"d":1,"ty":"el","s":{"a":0,"k":[8,8],"ix":2},"p":{"a":0,"k":[0,0],"ix":3},"nm":"Ellipse Path 1","mn":"ADBE Vector Shape - Ellipse","hd":false},{"ty":"st","c":{"a":0,"k":[0,0.611764526367,1,1],"ix":3},"o":{"a":0,"k":0,"ix":4},"w":{"a":0,"k":2,"ix":5},"lc":1,"lj":1,"ml":4,"ml2":{"a":0,"k":4,"ix":8},"nm":"Stroke 1","mn":"ADBE Vector Graphic - Stroke","hd":false},{"ty":"fl","c":{"a":0,"k":[1,0.207843122295,0.263760016946,1],"ix":4},"o":{"a":0,"k":100,"ix":5},"r":1,"nm":"Fill 1","mn":"ADBE Vector Graphic - Fill","hd":false},{"ty":"tr","p":{"a":0,"k":[-37.5,-42.5],"ix":2},"a":{"a":0,"k":[0,0],"ix":1},"s":{"a":0,"k":[100,100],"ix":3},"r":{"a":0,"k":0,"ix":6},"o":{"a":0,"k":100,"ix":7},"sk":{"a":0,"k":0,"ix":4},"sa":{"a":0,"k":0,"ix":5},"nm":"Transform"}],"nm":"Ellipse 1","np":3,"cix":2,"ix":1,"mn":"ADBE Vector Group","hd":false}],"ip":0,"op":26.0000010590017,"st":0,"bm":0},{"ddd":0,"ind":9,"ty":4,"nm":"Shape Layer 6","sr":1,"ks":{"o":{"a":0,"k":43,"ix":11},"r":{"a":0,"k":0,"ix":10},"p":{"a":0,"k":[175,175.812,0],"ix":2},"a":{"a":0,"k":[0,0,0],"ix":1},"s":{"a":1,"k":[{"i":{"x":[0.83,0.83,0.83],"y":[1,1,1]},"o":{"x":[0.17,0.17,0.17],"y":[0,0,0]},"n":["0p83_1_0p17_0","0p83_1_0p17_0","0p83_1_0p17_0"],"t":0,"s":[76,76,100],"e":[71,71,100]},{"i":{"x":[0.83,0.83,0.83],"y":[1,1,1]},"o":{"x":[0.17,0.17,0.17],"y":[0,0,0]},"n":["0p83_1_0p17_0","0p83_1_0p17_0","0p83_1_0p17_0"],"t":6,"s":[71,71,100],"e":[83,83,100]},{"i":{"x":[0.83,0.83,0.83],"y":[1,1,1]},"o":{"x":[0.17,0.17,0.17],"y":[0,0,0]},"n":["0p83_1_0p17_0","0p83_1_0p17_0","0p83_1_0p17_0"],"t":13,"s":[83,83,100],"e":[76,76,100]},{"i":{"x":[0.83,0.83,0.83],"y":[1,1,1]},"o":{"x":[0.17,0.17,0.17],"y":[0,0,0]},"n":["0p83_1_0p17_0","0p83_1_0p17_0","0p83_1_0p17_0"],"t":22,"s":[76,76,100],"e":[87,87,100]},{"i":{"x":[0.83,0.83,0.83],"y":[1,1,1]},"o":{"x":[0.17,0.17,0.17],"y":[0,0,0]},"n":["0p83_1_0p17_0","0p83_1_0p17_0","0p83_1_0p17_0"],"t":33,"s":[87,87,100],"e":[76,76,100]},{"i":{"x":[0.83,0.83,0.83],"y":[1,1,1]},"o":{"x":[0.17,0.17,0.17],"y":[0,0,0]},"n":["0p83_1_0p17_0","0p83_1_0p17_0","0p83_1_0p17_0"],"t":43,"s":[76,76,100],"e":[86,86,100]},{"i":{"x":[0.83,0.83,0.83],"y":[1,1,1]},"o":{"x":[0.17,0.17,0.17],"y":[0,0,0]},"n":["0p83_1_0p17_0","0p83_1_0p17_0","0p83_1_0p17_0"],"t":55,"s":[86,86,100],"e":[81,81,100]},{"i":{"x":[0.83,0.83,0.83],"y":[1,1,1]},"o":{"x":[0.17,0.17,0.17],"y":[0,0,0]},"n":["0p83_1_0p17_0","0p83_1_0p17_0","0p83_1_0p17_0"],"t":67,"s":[81,81,100],"e":[90,90,100]},{"i":{"x":[0.83,0.83,0.83],"y":[1,1,1]},"o":{"x":[0.17,0.17,0.17],"y":[0,0,0]},"n":["0p83_1_0p17_0","0p83_1_0p17_0","0p83_1_0p17_0"],"t":78,"s":[90,90,100],"e":[76,76,100]},{"t":92.0000037472368}],"ix":6}},"ao":0,"shapes":[{"ty":"gr","it":[{"d":1,"ty":"el","s":{"a":0,"k":[314,314],"ix":2},"p":{"a":0,"k":[0,0],"ix":3},"nm":"Ellipse Path 1","mn":"ADBE Vector Shape - Ellipse","hd":false},{"ty":"st","c":{"a":0,"k":[0,0.611764526367,1,1],"ix":3},"o":{"a":0,"k":100,"ix":4},"w":{"a":0,"k":2,"ix":5},"lc":1,"lj":1,"ml":4,"ml2":{"a":0,"k":4,"ix":8},"nm":"Stroke 1","mn":"ADBE Vector Graphic - Stroke","hd":false},{"ty":"fl","c":{"a":0,"k":[1,1,1,1],"ix":4},"o":{"a":0,"k":0,"ix":5},"r":1,"nm":"Fill 1","mn":"ADBE Vector Graphic - Fill","hd":false},{"ty":"tr","p":{"a":0,"k":[0,-1],"ix":2},"a":{"a":0,"k":[0,0],"ix":1},"s":{"a":0,"k":[100,100],"ix":3},"r":{"a":0,"k":0,"ix":6},"o":{"a":0,"k":100,"ix":7},"sk":{"a":0,"k":0,"ix":4},"sa":{"a":0,"k":0,"ix":5},"nm":"Transform"}],"nm":"Ellipse 1","np":3,"cix":2,"ix":1,"mn":"ADBE Vector Group","hd":false}],"ip":0,"op":600.000024438501,"st":0,"bm":0},{"ddd":0,"ind":13,"ty":4,"nm":"Shape Layer 2","sr":1,"ks":{"o":{"a":0,"k":100,"ix":11},"r":{"a":1,"k":[{"i":{"x":[0.25],"y":[1]},"o":{"x":[0.75],"y":[0]},"n":["0p25_1_0p75_0"],"t":0,"s":[-18],"e":[14.2]},{"i":{"x":[0.25],"y":[1]},"o":{"x":[0.75],"y":[0]},"n":["0p25_1_0p75_0"],"t":43,"s":[14.2],"e":[-18]},{"t":92.0000037472368}],"ix":10},"p":{"a":0,"k":[175,175,0],"ix":2},"a":{"a":0,"k":[0,0,0],"ix":1},"s":{"a":0,"k":[96.203,96.203,100],"ix":6}},"ao":0,"shapes":[{"ty":"gr","it":[{"d":1,"ty":"el","s":{"a":0,"k":[314,314],"ix":2},"p":{"a":0,"k":[0,0],"ix":3},"nm":"Ellipse Path 1","mn":"ADBE Vector Shape - Ellipse","hd":false},{"ty":"st","c":{"a":0,"k":[0.019607841267,0.711649277631,1,1],"ix":3},"o":{"a":0,"k":100,"ix":4},"w":{"a":0,"k":7,"ix":5},"lc":1,"lj":2,"d":[{"n":"d","nm":"dash","v":{"a":0,"k":4,"ix":1}},{"n":"o","nm":"offset","v":{"a":0,"k":0,"ix":7}}],"nm":"Stroke 1","mn":"ADBE Vector Graphic - Stroke","hd":false},{"ty":"fl","c":{"a":0,"k":[1,1,1,1],"ix":4},"o":{"a":0,"k":0,"ix":5},"r":1,"nm":"Fill 1","mn":"ADBE Vector Graphic - Fill","hd":false},{"ty":"tr","p":{"a":0,"k":[0,-1],"ix":2},"a":{"a":0,"k":[0,0],"ix":1},"s":{"a":0,"k":[100,100],"ix":3},"r":{"a":0,"k":0,"ix":6},"o":{"a":0,"k":100,"ix":7},"sk":{"a":0,"k":0,"ix":4},"sa":{"a":0,"k":0,"ix":5},"nm":"Transform"}],"nm":"Ellipse 1","np":3,"cix":2,"ix":1,"mn":"ADBE Vector Group","hd":false}],"ip":0,"op":600.000024438501,"st":0,"bm":0},{"ddd":0,"ind":14,"ty":4,"nm":"Shape Layer 1","sr":1,"ks":{"o":{"a":0,"k":100,"ix":11},"r":{"a":0,"k":0,"ix":10},"p":{"a":0,"k":[175,175,0],"ix":2},"a":{"a":0,"k":[0,0,0],"ix":1},"s":{"a":0,"k":[100,100,100],"ix":6}},"ao":0,"shapes":[{"ty":"gr","it":[{"d":1,"ty":"el","s":{"a":0,"k":[314,314],"ix":2},"p":{"a":0,"k":[0,0],"ix":3},"nm":"Ellipse Path 1","mn":"ADBE Vector Shape - Ellipse","hd":false},{"ty":"st","c":{"a":0,"k":[0.019607841267,0.711649277631,1,1],"ix":3},"o":{"a":0,"k":100,"ix":4},"w":{"a":0,"k":1,"ix":5},"lc":1,"lj":1,"ml":4,"ml2":{"a":0,"k":4,"ix":8},"nm":"Stroke 1","mn":"ADBE Vector Graphic - Stroke","hd":false},{"ty":"fl","c":{"a":0,"k":[1,1,1,1],"ix":4},"o":{"a":0,"k":0,"ix":5},"r":1,"nm":"Fill 1","mn":"ADBE Vector Graphic - Fill","hd":false},{"ty":"tr","p":{"a":0,"k":[0,-1],"ix":2},"a":{"a":0,"k":[0,0],"ix":1},"s":{"a":0,"k":[100,100],"ix":3},"r":{"a":0,"k":0,"ix":6},"o":{"a":0,"k":100,"ix":7},"sk":{"a":0,"k":0,"ix":4},"sa":{"a":0,"k":0,"ix":5},"nm":"Transform"}],"nm":"Ellipse 1","np":3,"cix":2,"ix":1,"mn":"ADBE Vector Group","hd":false}],"ip":0,"op":600.000024438501,"st":0,"bm":0},{"ddd":0,"ind":15,"ty":4,"nm":"shutterstock_1290019165 [Converted] Outlines","sr":1,"ks":{"o":{"a":0,"k":100,"ix":11},"r":{"a":0,"k":0,"ix":10},"p":{"a":0,"k":[169,175,0],"ix":2},"a":{"a":0,"k":[221,153,0],"ix":1},"s":{"a":0,"k":[78,78,100],"ix":6}},"ao":0,"shapes":[{"ty":"gr","it":[{"ind":0,"ty":"sh","ix":1,"ks":{"a":0,"k":{"i":[[0,0],[0,0],[0,0],[-0.368,0],[0,-2.186],[2.187,0],[0,2.187],[-0.094,0.338],[0,0],[0,0.498],[0,0],[0,0],[0,0],[0,1.48],[-2.187,0],[0,-2.188],[1.203,-0.68]],"o":[[0,0],[0,0],[0.339,-0.094],[2.187,0],[0,2.187],[-2.187,0],[0,-0.369],[0,0],[-0.379,-0.38],[0,0],[0,0],[0,0],[-1.204,-0.68],[0,-2.188],[2.186,0],[0,1.478],[0,0]],"v":[[-12.064,-12.298],[-12.064,8.042],[12.943,33.05],[14.008,32.906],[17.967,36.864],[14.008,40.825],[10.048,36.864],[10.193,35.801],[-15.385,10.223],[-15.954,8.848],[-15.954,-15.721],[-15.952,-15.721],[-15.952,-33.415],[-17.967,-36.864],[-14.008,-40.825],[-10.049,-36.864],[-12.064,-33.415]],"c":true},"ix":2},"nm":"Path 1","mn":"ADBE Vector Shape - Group","hd":false},{"ty":"fl","c":{"a":0,"k":[0.023999999551,0.569000004787,0.791999966491,1],"ix":4},"o":{"a":0,"k":100,"ix":5},"r":1,"nm":"Fill 1","mn":"ADBE Vector Graphic - Fill","hd":false},{"ty":"tr","p":{"a":0,"k":[176.441,222.604],"ix":2},"a":{"a":0,"k":[0,0],"ix":1},"s":{"a":0,"k":[100,100],"ix":3},"r":{"a":0,"k":0,"ix":6},"o":{"a":0,"k":100,"ix":7},"sk":{"a":0,"k":0,"ix":4},"sa":{"a":0,"k":0,"ix":5},"nm":"Transform"}],"nm":"Group 1","np":2,"cix":2,"ix":1,"mn":"ADBE Vector Group","hd":false},{"ty":"gr","it":[{"ind":0,"ty":"sh","ix":1,"ks":{"a":0,"k":{"i":[[-1.203,0.68],[0,0],[0,1.48],[-2.187,0],[0,-2.188],[1.202,-0.68],[0,0],[0,-1.48],[2.187,0],[0,2.187]],"o":[[0,0],[-1.203,-0.68],[0,-2.188],[2.187,0],[0,1.478],[0,0],[1.202,0.68],[0,2.187],[-2.187,0],[0,-1.48]],"v":[[-1.943,10.559],[-1.943,-10.559],[-3.96,-14.008],[0,-17.968],[3.96,-14.008],[1.945,-10.559],[1.945,10.559],[3.96,14.009],[0,17.968],[-3.96,14.009]],"c":true},"ix":2},"nm":"Path 1","mn":"ADBE Vector Shape - Group","hd":false},{"ty":"fl","c":{"a":0,"k":[0.067000003889,0.263000009574,0.6,1],"ix":4},"o":{"a":0,"k":100,"ix":5},"r":1,"nm":"Fill 1","mn":"ADBE Vector Graphic - Fill","hd":false},{"ty":"tr","p":{"a":0,"k":[190.449,199.747],"ix":2},"a":{"a":0,"k":[0,0],"ix":1},"s":{"a":0,"k":[100,100],"ix":3},"r":{"a":0,"k":0,"ix":6},"o":{"a":0,"k":100,"ix":7},"sk":{"a":0,"k":0,"ix":4},"sa":{"a":0,"k":0,"ix":5},"nm":"Transform"}],"nm":"Group 2","np":2,"cix":2,"ix":2,"mn":"ADBE Vector Group","hd":false},{"ty":"gr","it":[{"ind":0,"ty":"sh","ix":1,"ks":{"a":0,"k":{"i":[[7.125,-5.596],[0.663,0.844],[-0.843,0.664],[-8.779,0],[-7.834,-6.152],[0.662,-0.843],[0.844,0.662],[7.918,0]],"o":[[-0.843,0.662],[-0.663,-0.843],[7.834,-6.152],[8.779,0],[0.843,0.664],[-0.663,0.844],[-7.124,-5.596],[-7.918,0]],"v":[[-22.977,5.811],[-25.704,5.484],[-25.378,2.757],[0,-6.473],[25.378,2.757],[25.706,5.484],[22.978,5.811],[0,-2.585]],"c":true},"ix":2},"nm":"Path 1","mn":"ADBE Vector Shape - Group","hd":false},{"ty":"fl","c":{"a":0,"k":[0.067000003889,0.263000009574,0.6,1],"ix":4},"o":{"a":0,"k":100,"ix":5},"r":1,"nm":"Fill 1","mn":"ADBE Vector Graphic - Fill","hd":false},{"ty":"tr","p":{"a":0,"k":[274.503,153.067],"ix":2},"a":{"a":0,"k":[0,0],"ix":1},"s":{"a":0,"k":[100,100],"ix":3},"r":{"a":0,"k":0,"ix":6},"o":{"a":0,"k":100,"ix":7},"sk":{"a":0,"k":0,"ix":4},"sa":{"a":0,"k":0,"ix":5},"nm":"Transform"}],"nm":"Group 3","np":2,"cix":2,"ix":3,"mn":"ADBE Vector Group","hd":false},{"ty":"gr","it":[{"ind":0,"ty":"sh","ix":1,"ks":{"a":0,"k":{"i":[[1.709,-4.699],[1.005,0.365],[-0.365,1.006],[-0.031,4.43],[1.691,4.63],[-1.007,0.365],[-0.364,-1.007],[0.035,-4.895]],"o":[[-0.364,1.007],[-1.007,-0.364],[1.564,-4.302],[0.031,-4.435],[-0.365,-1.006],[1.005,-0.365],[1.85,5.062],[-0.035,4.903]],"v":[[0.653,14.67],[-1.831,15.832],[-2.993,13.349],[-0.55,0.25],[-2.993,-13.348],[-1.831,-15.832],[0.653,-14.67],[3.323,0.266]],"c":true},"ix":2},"nm":"Path 1","mn":"ADBE Vector Shape - Group","hd":false},{"ty":"fl","c":{"a":0,"k":[0.067000003889,0.263000009574,0.6,1],"ix":4},"o":{"a":0,"k":100,"ix":5},"r":1,"nm":"Fill 1","mn":"ADBE Vector Graphic - Fill","hd":false},{"ty":"tr","p":{"a":0,"k":[331.708,171.729],"ix":2},"a":{"a":0,"k":[0,0],"ix":1},"s":{"a":0,"k":[100,100],"ix":3},"r":{"a":0,"k":0,"ix":6},"o":{"a":0,"k":100,"ix":7},"sk":{"a":0,"k":0,"ix":4},"sa":{"a":0,"k":0,"ix":5},"nm":"Transform"}],"nm":"Group 4","np":2,"cix":2,"ix":4,"mn":"ADBE Vector Group","hd":false},{"ty":"gr","it":[{"ind":0,"ty":"sh","ix":1,"ks":{"a":0,"k":{"i":[[-1.203,0.68],[0,0],[0,1.479],[-2.187,0],[0,-2.188],[1.203,-0.68],[0,0],[0,-1.48],[2.186,0],[0,2.187]],"o":[[0,0],[-1.203,-0.68],[0,-2.188],[2.186,0],[0,1.479],[0,0],[1.203,0.68],[0,2.187],[-2.187,0],[0,-1.479]],"v":[[-1.944,10.559],[-1.944,-10.559],[-3.96,-14.008],[0.001,-17.968],[3.96,-14.008],[1.945,-10.559],[1.945,10.559],[3.96,14.009],[0.001,17.968],[-3.96,14.009]],"c":true},"ix":2},"nm":"Path 1","mn":"ADBE Vector Shape - Group","hd":false},{"ty":"fl","c":{"a":0,"k":[0.023999999551,0.569000004787,0.791999966491,1],"ix":4},"o":{"a":0,"k":100,"ix":5},"r":1,"nm":"Fill 1","mn":"ADBE Vector Graphic - Fill","hd":false},{"ty":"tr","p":{"a":0,"k":[134.415,171.729],"ix":2},"a":{"a":0,"k":[0,0],"ix":1},"s":{"a":0,"k":[100,100],"ix":3},"r":{"a":0,"k":0,"ix":6},"o":{"a":0,"k":100,"ix":7},"sk":{"a":0,"k":0,"ix":4},"sa":{"a":0,"k":0,"ix":5},"nm":"Transform"}],"nm":"Group 5","np":2,"cix":2,"ix":5,"mn":"ADBE Vector Group","hd":false},{"ty":"gr","it":[{"ind":0,"ty":"sh","ix":1,"ks":{"a":0,"k":{"i":[[1.984,-1.984],[3.028,0],[1.991,1.98],[0,0],[0,3.012],[-1.984,1.985],[-3.027,0],[-1.992,-1.98],[0,0],[0,-3.011]],"o":[[-1.984,1.984],[-3.009,0],[0,0],[-1.986,-1.992],[0,-3.029],[1.985,-1.983],[3.007,0],[0,0],[1.986,1.993],[0,3.028]],"v":[[7.758,7.757],[0.001,10.971],[-7.732,7.765],[-7.756,7.741],[-10.97,0],[-7.756,-7.758],[0.001,-10.971],[7.734,-7.765],[7.757,-7.742],[10.971,0]],"c":true},"ix":2},"nm":"Path 1","mn":"ADBE Vector Shape - Group","hd":false},{"ind":1,"ty":"sh","ix":2,"ks":{"a":0,"k":{"i":[[-0.891,0],[-0.577,0.577],[0,0.882],[0.568,0.567],[0,0],[0.891,0],[0.577,-0.576],[0,-0.882],[-0.568,-0.567],[0,0]],"o":[[0.882,0],[0.576,-0.576],[0,-0.891],[0,0],[-0.567,-0.568],[-0.882,0],[-0.578,0.577],[0,0.891],[0,0],[0.568,0.567]],"v":[[2.96,-0.023],[5.218,-0.958],[6.153,-3.216],[5.232,-5.472],[5.217,-5.488],[2.96,-6.408],[0.702,-5.474],[-0.233,-3.216],[0.687,-0.958],[0.702,-0.943]],"c":true},"ix":2},"nm":"Path 2","mn":"ADBE Vector Shape - Group","hd":false},{"ty":"mm","mm":1,"nm":"Merge Paths 1","mn":"ADBE Vector Filter - Merge","hd":false},{"ty":"fl","c":{"a":0,"k":[0.067000003889,0.263000009574,0.6,1],"ix":4},"o":{"a":0,"k":100,"ix":5},"r":1,"nm":"Fill 1","mn":"ADBE Vector Graphic - Fill","hd":false},{"ty":"tr","p":{"a":0,"k":[274.502,157.721],"ix":2},"a":{"a":0,"k":[0,0],"ix":1},"s":{"a":0,"k":[100,100],"ix":3},"r":{"a":0,"k":0,"ix":6},"o":{"a":0,"k":100,"ix":7},"sk":{"a":0,"k":0,"ix":4},"sa":{"a":0,"k":0,"ix":5},"nm":"Transform"}],"nm":"Group 6","np":4,"cix":2,"ix":6,"mn":"ADBE Vector Group","hd":false},{"ty":"gr","it":[{"ind":0,"ty":"sh","ix":1,"ks":{"a":0,"k":{"i":[[-2.187,0],[-0.68,1.202],[0,0],[0,0],[0,0],[-1.074,0],[0,0],[-1.773,1.646],[0,2.308],[1.073,0],[0,-1.073],[1.283,-1.179],[1.751,0],[0,0],[0,0],[0.351,0.352],[0,0],[0.498,0],[0,0],[1.48,0],[0,-2.187]],"o":[[1.479,0],[0,0],[0,0],[0,0],[0,1.073],[0,0],[2.817,0],[2.075,-1.919],[0,-1.073],[-1.073,0],[0,1.296],[-1.115,1.03],[0,0],[0,0],[0,-0.538],[0,0],[-0.379,-0.379],[0,0],[-0.68,-1.203],[-2.187,0],[0,2.187]],"v":[[-41.019,-37.06],[-37.569,-39.074],[-13.808,-39.074],[13.071,-12.195],[13.071,43.035],[15.016,44.978],[34.684,44.978],[41.683,42.187],[44.978,35.316],[43.033,33.372],[41.089,35.316],[39.055,39.338],[34.684,41.09],[16.96,41.09],[16.96,-13],[16.391,-14.375],[-11.627,-42.394],[-13.002,-42.963],[-37.569,-42.963],[-41.019,-44.978],[-44.978,-41.019]],"c":true},"ix":2},"nm":"Path 1","mn":"ADBE Vector Shape - Group","hd":false},{"ty":"fl","c":{"a":0,"k":[0.023999999551,0.569000004787,0.791999966491,1],"ix":4},"o":{"a":0,"k":100,"ix":5},"r":1,"nm":"Fill 1","mn":"ADBE Vector Graphic - Fill","hd":false},{"ty":"tr","p":{"a":0,"k":[203.452,170.722],"ix":2},"a":{"a":0,"k":[0,0],"ix":1},"s":{"a":0,"k":[100,100],"ix":3},"r":{"a":0,"k":0,"ix":6},"o":{"a":0,"k":100,"ix":7},"sk":{"a":0,"k":0,"ix":4},"sa":{"a":0,"k":0,"ix":5},"nm":"Transform"}],"nm":"Group 7","np":2,"cix":2,"ix":7,"mn":"ADBE Vector Group","hd":false},{"ty":"gr","it":[{"ind":0,"ty":"sh","ix":1,"ks":{"a":0,"k":{"i":[[1.48,0],[0,2.187],[-2.187,0],[-0.679,-1.203],[0,0],[-1.55,1.549],[-3.029,0],[-1.984,-1.983],[0,-3.029],[1.986,-1.986],[0,0],[3.013,0],[1.969,1.842],[0,0],[0.403,2.251],[0,0]],"o":[[-2.187,0],[0,-2.186],[1.48,0],[0,0],[0.403,-2.25],[1.984,-1.985],[3.027,0],[1.986,1.985],[0,3.028],[0,0],[-1.993,1.989],[-2.888,0],[0,0],[-1.551,-1.55],[0,0],[-0.679,1.204]],"v":[[-17.514,3.959],[-21.473,-0.001],[-17.514,-3.96],[-14.064,-1.945],[-0.294,-1.945],[2.747,-7.756],[10.504,-10.971],[18.26,-7.758],[21.474,0],[18.26,7.757],[18.253,7.749],[10.504,10.971],[3.013,7.999],[2.748,7.757],[-0.294,1.943],[-14.065,1.943]],"c":true},"ix":2},"nm":"Path 1","mn":"ADBE Vector Shape - Group","hd":false},{"ind":1,"ty":"sh","ix":2,"ks":{"a":0,"k":{"i":[[-0.824,0],[-0.567,0.568],[0,0],[0,0.882],[0.578,0.577],[0.882,0],[0.577,-0.577],[0,-0.883],[-0.576,-0.577],[0,0]],"o":[[0.891,0],[0,0],[0.578,-0.577],[0,-0.883],[-0.576,-0.576],[-0.883,0],[-0.575,0.576],[0,0.882],[0,0],[0.556,0.495]],"v":[[10.504,3.192],[12.761,2.272],[12.761,2.258],[13.696,0],[12.761,-2.259],[10.504,-3.192],[8.245,-2.258],[7.312,0],[8.246,2.258],[8.381,2.398]],"c":true},"ix":2},"nm":"Path 2","mn":"ADBE Vector Shape - Group","hd":false},{"ty":"mm","mm":1,"nm":"Merge Paths 1","mn":"ADBE Vector Filter - Merge","hd":false},{"ty":"fl","c":{"a":0,"k":[0.067000003889,0.263000009574,0.6,1],"ix":4},"o":{"a":0,"k":100,"ix":5},"r":1,"nm":"Fill 1","mn":"ADBE Vector Graphic - Fill","hd":false},{"ty":"tr","p":{"a":0,"k":[179.947,157.721],"ix":2},"a":{"a":0,"k":[0,0],"ix":1},"s":{"a":0,"k":[100,100],"ix":3},"r":{"a":0,"k":0,"ix":6},"o":{"a":0,"k":100,"ix":7},"sk":{"a":0,"k":0,"ix":4},"sa":{"a":0,"k":0,"ix":5},"nm":"Transform"}],"nm":"Group 8","np":4,"cix":2,"ix":8,"mn":"ADBE Vector Group","hd":false},{"ty":"gr","it":[{"ind":0,"ty":"sh","ix":1,"ks":{"a":0,"k":{"i":[[-0.68,-1.203],[0,0],[0,-1.073],[1.073,0],[0,0],[1.481,0],[0,2.187],[-2.186,0]],"o":[[0,0],[1.073,0],[0,1.074],[0,0],[-0.68,1.202],[-2.186,0],[0,-2.185],[1.481,0]],"v":[[-9.55,-1.943],[15.016,-1.943],[16.96,0],[15.016,1.946],[-9.55,1.946],[-13.001,3.959],[-16.96,0],[-13.001,-3.959]],"c":true},"ix":2},"nm":"Path 1","mn":"ADBE Vector Shape - Group","hd":false},{"ty":"fl","c":{"a":0,"k":[0.26699999641,0.760999971278,0.957000014361,1],"ix":4},"o":{"a":0,"k":100,"ix":5},"r":1,"nm":"Fill 1","mn":"ADBE Vector Graphic - Fill","hd":false},{"ty":"tr","p":{"a":0,"k":[231.469,269.79],"ix":2},"a":{"a":0,"k":[0,0],"ix":1},"s":{"a":0,"k":[100,100],"ix":3},"r":{"a":0,"k":0,"ix":6},"o":{"a":0,"k":100,"ix":7},"sk":{"a":0,"k":0,"ix":4},"sa":{"a":0,"k":0,"ix":5},"nm":"Transform"}],"nm":"Group 9","np":2,"cix":2,"ix":9,"mn":"ADBE Vector Group","hd":false},{"ty":"gr","it":[{"ind":0,"ty":"sh","ix":1,"ks":{"a":0,"k":{"i":[[-0.68,-1.202],[0,0],[0,-1.073],[1.073,0],[0,0],[1.48,0],[0,2.187],[-2.188,0]],"o":[[0,0],[1.073,0],[0,1.074],[0,0],[-0.68,1.203],[-2.188,0],[0,-2.186],[1.479,0]],"v":[[-23.56,-1.945],[29.025,-1.945],[30.969,0],[29.025,1.945],[-23.56,1.945],[-27.009,3.959],[-30.969,0],[-27.009,-3.959]],"c":true},"ix":2},"nm":"Path 1","mn":"ADBE Vector Shape - Group","hd":false},{"ty":"fl","c":{"a":0,"k":[0.067000003889,0.263000009574,0.6,1],"ix":4},"o":{"a":0,"k":100,"ix":5},"r":1,"nm":"Fill 1","mn":"ADBE Vector Graphic - Fill","hd":false},{"ty":"tr","p":{"a":0,"k":[231.469,241.774],"ix":2},"a":{"a":0,"k":[0,0],"ix":1},"s":{"a":0,"k":[100,100],"ix":3},"r":{"a":0,"k":0,"ix":6},"o":{"a":0,"k":100,"ix":7},"sk":{"a":0,"k":0,"ix":4},"sa":{"a":0,"k":0,"ix":5},"nm":"Transform"}],"nm":"Group 10","np":2,"cix":2,"ix":10,"mn":"ADBE Vector Group","hd":false},{"ty":"gr","it":[{"ind":0,"ty":"sh","ix":1,"ks":{"a":0,"k":{"i":[[0,0],[0,0]],"o":[[0,0],[0,0]],"v":[[14.008,38.357],[14.008,38.358]],"c":true},"ix":2},"nm":"Path 1","mn":"ADBE Vector Shape - Group","hd":false},{"ind":1,"ty":"sh","ix":2,"ks":{"a":0,"k":{"i":[[0.874,0.013],[0,0],[0,0],[0,0],[0,0],[0.567,-0.568],[0,-0.881],[-0.572,-0.575],[-0.888,0],[-0.576,0.576],[0,0.882],[0.567,0.567],[0,0]],"o":[[0,0],[0,0],[0,0],[0,0],[-0.865,0.012],[-0.576,0.576],[0,0.888],[0.576,0.572],[0.882,0],[0.577,-0.578],[0,-0.891],[0,0],[-0.558,-0.558]],"v":[[14.053,38.357],[14.05,38.357],[14.008,38.357],[13.966,38.357],[13.963,38.357],[11.75,39.293],[10.816,41.549],[11.743,43.814],[14.008,44.742],[16.266,43.807],[17.201,41.549],[16.281,39.293],[16.266,39.277]],"c":true},"ix":2},"nm":"Path 2","mn":"ADBE Vector Shape - Group","hd":false},{"ind":2,"ty":"sh","ix":3,"ks":{"a":0,"k":{"i":[[0,0],[0,0],[0,0],[0,0],[0,0],[0,0],[0,0],[0,0],[0,0],[0,0],[0,0],[0,0],[0,0],[0,0],[0,0],[0,0],[0,0],[0,0],[0,0],[0,0],[0,0],[0,0],[0,0],[0,0],[0,0],[0,0],[0,0],[0,0],[0,0],[0,0],[0,0],[0,0],[0,0],[-0.047,-0.283],[0,0],[0,0],[-0.007,-0.095],[0,0],[0,0],[0,0],[0,0],[0,0],[0,0],[0,0],[-1.085,-1.079],[0,0],[0,-3.01],[1.985,-1.984],[3.028,0],[1.985,1.985],[0,0],[0,3.018],[-1.985,1.983],[-1.465,0.554],[0,0],[0,0],[0,1.085],[0,0],[1.086,1.084],[0,0],[0,3.017],[-1.985,1.985],[-3.028,0],[-1.992,-1.98],[0,0],[0,-3.01],[1.985,-1.985],[1.464,-0.556],[0,0]],"o":[[0,0],[0,0],[0,0],[0,0],[0,0],[0,0],[0,0],[0,0],[0,0],[0,0],[0,0],[0,0],[0,0],[0,0],[0,0],[0,0],[0,0],[0,0],[0,0],[0,0],[0,0],[0,0],[0,0],[0,0],[0,0],[0,0],[0,0],[0,0],[0,0],[0,0],[0,0],[0,0],[0.105,0.259],[0,0],[0,0],[0.013,0.093],[0,0],[0,0],[0,0],[0,0],[0,0],[0,0],[0,0],[1.451,0.555],[0,0],[1.985,1.993],[0,3.029],[-1.985,1.985],[-3.018,0],[0,0],[-1.985,-1.986],[0,-3.028],[1.087,-1.088],[0,0],[0,0],[-0.718,-0.706],[0,0],[-1.457,-0.556],[0,0],[-1.985,-1.985],[0,-3.029],[1.984,-1.984],[3.006,0],[0,0],[1.985,1.992],[0,3.028],[-1.088,1.086],[0,0],[0,0]],"v":[[16.758,10.783],[16.823,10.849],[16.827,10.854],[16.886,10.918],[16.895,10.926],[16.949,10.988],[16.961,11.003],[17.008,11.059],[17.024,11.078],[17.067,11.13],[17.086,11.156],[17.125,11.207],[17.145,11.232],[17.179,11.281],[17.201,11.313],[17.233,11.357],[17.256,11.392],[17.284,11.436],[17.308,11.474],[17.334,11.516],[17.358,11.557],[17.381,11.596],[17.406,11.639],[17.427,11.678],[17.451,11.723],[17.471,11.762],[17.495,11.809],[17.514,11.846],[17.536,11.895],[17.553,11.931],[17.575,11.982],[17.591,12.018],[17.611,12.069],[17.841,12.882],[17.852,12.939],[17.857,12.973],[17.886,13.253],[17.892,13.333],[17.892,13.345],[17.896,13.432],[17.896,13.439],[17.896,13.533],[17.897,13.533],[17.897,31.294],[21.741,33.784],[21.765,33.807],[24.979,41.549],[21.765,49.305],[14.008,52.52],[6.266,49.305],[6.252,49.292],[3.038,41.549],[6.252,33.794],[10.119,31.29],[10.119,15.142],[-16.735,-11.712],[-17.899,-14.486],[-17.899,-31.292],[-21.752,-33.792],[-21.766,-33.807],[-24.979,-41.548],[-21.766,-49.307],[-14.01,-52.52],[-6.276,-49.314],[-6.252,-49.29],[-3.039,-41.548],[-6.252,-33.792],[-10.12,-31.29],[-10.12,-16.095]],"c":true},"ix":2},"nm":"Path 3","mn":"ADBE Vector Shape - Group","hd":false},{"ind":3,"ty":"sh","ix":4,"ks":{"a":0,"k":{"i":[[-0.887,0],[-0.576,0.576],[0,0.882],[0.568,0.568],[0,0],[0.892,0],[0.577,-0.577],[0,-0.882],[-0.571,-0.576]],"o":[[0.883,0],[0.578,-0.578],[0,-0.892],[0,0],[-0.568,-0.567],[-0.881,0],[-0.577,0.577],[0,0.886],[0.576,0.573]],"v":[[-14.01,-38.356],[-11.752,-39.29],[-10.817,-41.548],[-11.737,-43.807],[-11.752,-43.822],[-14.01,-44.742],[-16.267,-43.807],[-17.202,-41.548],[-16.275,-39.285]],"c":true},"ix":2},"nm":"Path 4","mn":"ADBE Vector Shape - Group","hd":false},{"ty":"mm","mm":1,"nm":"Merge Paths 1","mn":"ADBE Vector Filter - Merge","hd":false},{"ty":"fl","c":{"a":0,"k":[0.26699999641,0.760999971278,0.957000014361,1],"ix":4},"o":{"a":0,"k":100,"ix":5},"r":1,"nm":"Fill 1","mn":"ADBE Vector Graphic - Fill","hd":false},{"ty":"tr","p":{"a":0,"k":[120.407,200.224],"ix":2},"a":{"a":0,"k":[0,0],"ix":1},"s":{"a":0,"k":[100,100],"ix":3},"r":{"a":0,"k":0,"ix":6},"o":{"a":0,"k":100,"ix":7},"sk":{"a":0,"k":0,"ix":4},"sa":{"a":0,"k":0,"ix":5},"nm":"Transform"}],"nm":"Group 11","np":6,"cix":2,"ix":11,"mn":"ADBE Vector Group","hd":false},{"ty":"gr","it":[{"ind":0,"ty":"sh","ix":1,"ks":{"a":0,"k":{"i":[[-2.187,0],[0,2.187],[1.204,0.68],[0,0],[0,0],[-0.369,0],[0,2.186],[2.186,0],[0,-2.186],[-0.095,-0.338],[0,0],[0,-0.498],[0,0],[0,-1.479]],"o":[[2.186,0],[0,-1.479],[0,0],[0,0],[0.339,0.094],[2.186,0],[0,-2.186],[-2.188,0],[0,0.369],[0,0],[-0.379,0.38],[0,0],[-1.202,0.68],[0,2.187]],"v":[[-14.009,31.977],[-10.049,28.018],[-12.065,24.568],[-12.065,0.807],[12.944,-24.202],[14.009,-24.058],[17.968,-28.017],[14.009,-31.977],[10.049,-28.017],[10.194,-26.953],[-15.384,-1.375],[-15.953,0.001],[-15.953,24.568],[-17.968,28.018]],"c":true},"ix":2},"nm":"Path 1","mn":"ADBE Vector Shape - Group","hd":false},{"ty":"fl","c":{"a":0,"k":[0.023999999551,0.569000004787,0.791999966491,1],"ix":4},"o":{"a":0,"k":100,"ix":5},"r":1,"nm":"Fill 1","mn":"ADBE Vector Graphic - Fill","hd":false},{"ty":"tr","p":{"a":0,"k":[176.442,73.668],"ix":2},"a":{"a":0,"k":[0,0],"ix":1},"s":{"a":0,"k":[100,100],"ix":3},"r":{"a":0,"k":0,"ix":6},"o":{"a":0,"k":100,"ix":7},"sk":{"a":0,"k":0,"ix":4},"sa":{"a":0,"k":0,"ix":5},"nm":"Transform"}],"nm":"Group 12","np":2,"cix":2,"ix":12,"mn":"ADBE Vector Group","hd":false},{"ty":"gr","it":[{"ind":0,"ty":"sh","ix":1,"ks":{"a":0,"k":{"i":[[0,0],[0,0],[0,0],[0,0],[0,0.854],[0.572,0.575],[0.889,0],[0.577,-0.577],[0,-0.882],[-0.572,-0.575],[-0.888,0],[-0.572,0.545]],"o":[[0,0],[0,0],[0,0],[0.545,-0.572],[0,-0.889],[-0.576,-0.573],[-0.882,0],[-0.576,0.576],[0,0.888],[0.576,0.573],[0.855,0],[0,0]],"v":[[-92.29,117.896],[-92.264,117.869],[-92.236,117.842],[-92.209,117.814],[-91.329,115.61],[-92.255,113.346],[-94.521,112.417],[-96.779,113.354],[-97.713,115.61],[-96.786,117.876],[-94.521,118.803],[-92.317,117.921]],"c":true},"ix":2},"nm":"Path 1","mn":"ADBE Vector Shape - Group","hd":false},{"ind":1,"ty":"sh","ix":2,"ks":{"a":0,"k":{"i":[[0,0],[0,0],[-2.161,-3.067],[0,-3.811],[0,0],[2.37,-5.721],[4.666,-4.666],[0,0],[0,0],[2.256,-5.446],[4.438,-4.438],[0,0],[6.649,-2.755],[7.669,0],[0,0],[0.705,0.719],[0,0],[1.606,0],[1.986,1.983],[0,0],[0,3.018],[-1.984,1.984],[-3.028,0],[-1.986,-1.984],[0,0],[0,-3.019],[0.622,-1.375],[0,0],[0,0],[-5.662,2.346],[-4.726,4.725],[0,0],[-1.846,4.457],[0,5.291],[0,0],[0,0],[0,0],[0,0],[0,0],[0,0],[-0.015,0.093],[0,0],[0,0],[-0.105,0.259],[0,0],[0,0],[0,0],[0,0],[0,0],[0,0],[0,0],[0,0],[0,0],[0,0],[0,0],[0,0],[0,0],[0,0],[0,0],[0,0],[0,0],[0,0],[0,0],[0,0],[0,0],[0,0],[0,0],[0,0],[0,0],[0,0],[0,0],[0,0],[0,0],[0,0],[0,0],[0,0],[0,0],[-1.96,4.732],[0,5.612],[0,0],[1.269,1.802],[1.178,0],[0,0],[0,2.148],[0,0],[2.725,6.581],[5.482,5.482],[0,0],[6.568,2.721],[7.755,0],[0,0],[1.08,-1.086],[0,0],[0,0],[3.01,0],[1.968,1.842],[0,0],[0,3.028],[-1.985,1.985],[0,0],[-3.015,0],[-1.984,-1.984],[-0.555,-1.465],[0,0],[-7.556,-3.13],[-6.182,-6.182],[0,0],[-3.135,-7.568],[0,-8.741]],"o":[[0,0],[4.031,0],[2.207,3.133],[0,0],[0,6.599],[-2.374,5.733],[0,0],[0,0],[0,6.277],[-2.26,5.456],[0,0],[-5.425,5.425],[-6.64,2.75],[0,0],[-1.086,0],[0,0],[-1.374,0.62],[-3.018,0],[0,0],[-1.984,-1.986],[0,-3.028],[1.985,-1.984],[3.019,0],[0,0],[1.984,1.985],[0,1.606],[0,0],[0,0],[6.683,0],[5.648,-2.34],[0,0],[3.741,-3.74],[1.851,-4.468],[0,0],[0,0],[0,0],[0,0],[0,0],[0,0],[0.006,-0.094],[0,0],[0,0],[0.047,-0.283],[0,0],[0,0],[0,0],[0,0],[0,0],[0,0],[0,0],[0,0],[0,0],[0,0],[0,0],[0,0],[0,0],[0,0],[0,0],[0,0],[0,0],[0,0],[0,0],[0,0],[0,0],[0,0],[0,0],[0,0],[0,0],[0,0],[0,0],[0,0],[0,0],[0,0],[0,0],[0,0],[0,0],[3.967,-3.968],[1.965,-4.744],[0,0],[0,-2.364],[-0.772,-1.096],[0,0],[-2.148,0],[0,0],[0,-7.754],[-2.721,-6.566],[0,0],[-5.482,-5.481],[-6.58,-2.724],[0,0],[-0.554,1.451],[0,0],[0,0],[-1.993,1.986],[-2.888,0],[0,0],[-1.985,-1.985],[0,-3.027],[0,0],[1.993,-1.991],[3.029,0],[1.088,1.088],[0,0],[8.741,0],[7.568,3.135],[0,0],[6.181,6.181],[3.129,7.557],[0,0]],"v":[[77.473,-28.365],[92.824,-28.365],[102.13,-23.212],[105.491,-12.018],[105.491,13.191],[101.931,31.684],[91.365,47.295],[77.473,61.186],[77.473,70.193],[74.085,87.79],[64.03,102.646],[35.565,131.113],[17.439,143.386],[-4.039,147.518],[-66.503,147.518],[-69.277,146.354],[-90.016,125.615],[-94.521,126.581],[-102.263,123.369],[-102.278,123.354],[-105.491,115.61],[-102.278,107.854],[-94.521,104.64],[-86.778,107.854],[-86.763,107.869],[-83.55,115.61],[-84.517,120.118],[-64.894,139.739],[-4.039,139.739],[14.491,136.217],[30.066,125.614],[58.531,97.148],[66.915,84.842],[69.696,70.193],[69.696,59.576],[69.698,59.482],[69.698,59.476],[69.702,59.388],[69.702,59.376],[69.707,59.296],[69.737,59.016],[69.741,58.984],[69.751,58.925],[69.981,58.112],[70.002,58.062],[70.017,58.025],[70.04,57.975],[70.056,57.938],[70.079,57.89],[70.098,57.852],[70.122,57.805],[70.142,57.766],[70.166,57.723],[70.186,57.684],[70.211,57.64],[70.235,57.601],[70.259,57.559],[70.285,57.518],[70.308,57.48],[70.337,57.436],[70.36,57.402],[70.391,57.356],[70.414,57.326],[70.448,57.277],[70.468,57.251],[70.507,57.2],[70.525,57.174],[70.568,57.122],[70.584,57.102],[70.631,57.046],[70.643,57.032],[70.698,56.971],[70.706,56.96],[70.765,56.897],[70.77,56.893],[70.835,56.826],[85.866,41.796],[94.761,28.735],[97.713,13.191],[97.713,-12.018],[95.781,-18.745],[92.824,-20.587],[73.585,-20.587],[69.696,-24.477],[69.696,-69.71],[65.602,-91.225],[53.292,-109.314],[46.352,-116.255],[28.262,-128.566],[6.747,-132.658],[-28.233,-132.658],[-30.721,-128.813],[-30.73,-128.805],[-30.745,-128.79],[-38.486,-125.576],[-45.977,-128.549],[-46.242,-128.79],[-49.456,-136.548],[-46.242,-144.304],[-46.234,-144.295],[-38.486,-147.518],[-30.73,-144.304],[-28.226,-140.437],[6.747,-140.437],[31.21,-135.734],[51.851,-121.752],[58.791,-114.813],[72.772,-94.173],[77.473,-69.71]],"c":true},"ix":2},"nm":"Path 2","mn":"ADBE Vector Shape - Group","hd":false},{"ind":2,"ty":"sh","ix":3,"ks":{"a":0,"k":{"i":[[-0.823,0],[-0.568,0.567],[0,0],[0,0.891],[0.577,0.577],[0.882,0],[0.568,-0.568],[0,0],[0,-0.881],[-0.577,-0.577],[0,0]],"o":[[0.892,0],[0,0],[0.568,-0.567],[0,-0.882],[-0.577,-0.576],[-0.891,0],[0,0],[-0.577,0.577],[0,0.882],[0,0],[0.556,0.493]],"v":[[-38.486,-133.355],[-36.228,-134.274],[-36.214,-134.29],[-35.293,-136.548],[-36.228,-138.805],[-38.486,-139.739],[-40.743,-138.82],[-40.743,-138.804],[-41.678,-136.548],[-40.743,-134.29],[-40.608,-134.148]],"c":true},"ix":2},"nm":"Path 3","mn":"ADBE Vector Shape - Group","hd":false},{"ty":"mm","mm":1,"nm":"Merge Paths 1","mn":"ADBE Vector Filter - Merge","hd":false},{"ty":"fl","c":{"a":0,"k":[0.023999999551,0.569000004787,0.791999966491,1],"ix":4},"o":{"a":0,"k":100,"ix":5},"r":1,"nm":"Fill 1","mn":"ADBE Vector Graphic - Fill","hd":false},{"ty":"tr","p":{"a":0,"k":[256.954,154.18],"ix":2},"a":{"a":0,"k":[0,0],"ix":1},"s":{"a":0,"k":[100,100],"ix":3},"r":{"a":0,"k":0,"ix":6},"o":{"a":0,"k":100,"ix":7},"sk":{"a":0,"k":0,"ix":4},"sa":{"a":0,"k":0,"ix":5},"nm":"Transform"}],"nm":"Group 13","np":5,"cix":2,"ix":13,"mn":"ADBE Vector Group","hd":false},{"ty":"gr","it":[{"ind":0,"ty":"sh","ix":1,"ks":{"a":0,"k":{"i":[[0,0],[-1.465,0.556],[0,0],[-0.718,0.706],[0,0],[-0.995,0],[0,0],[-1.084,1.086],[0,0],[-3.02,0],[-1.986,-1.983],[0,0],[0,-3.018],[1.984,-1.986],[0,0],[3.018,0],[1.992,1.98],[0,0],[0.555,1.455],[0,0],[0,0],[0,0],[-1.088,-1.087],[0,-3.027],[1.98,-1.992],[0,0],[0,0],[3.01,0],[1.983,1.985],[0,3.029],[0,0],[0,0],[0,0],[0,0],[0,0],[0,0],[0,0],[0,0],[0,0],[0,0],[0,0],[0,0],[0,0],[0,0],[0,0],[0,0],[0,0],[0,0],[0,0],[0,0],[0,0],[0,0],[0,0],[0,0],[0,0],[0,0],[0,0],[0,0],[0,0],[0,0],[0,0],[0,0],[0,0],[0,0],[0,0],[0,0],[0,0],[0,0],[0,0],[0,0],[0,0],[0,0],[0,0],[0,0],[0,0],[0,0],[0,0],[0,0],[0,0],[0,0],[0,0],[0,0],[0,0],[0,0],[0,0],[0,0],[0,0],[0,0],[0,0],[0,0],[0,0],[0,0],[0,0],[0,0],[0,0],[0,0],[0,0],[0,0],[0,0],[0,0],[0,0],[0,0],[0,0],[0,0],[0,0],[0,0],[0,0],[0,0],[0,0],[0,0]],"o":[[1.087,-1.087],[0,0],[0,-1.086],[0,0],[0.76,-0.759],[0,0],[0.555,-1.458],[0,0],[1.985,-1.983],[3.018,0],[0,0],[1.984,1.986],[0,3.019],[0,0],[-1.986,1.984],[-3.009,0],[0,0],[-1.084,-1.088],[0,0],[0,0],[0,0],[1.465,0.556],[1.985,1.985],[0,3.01],[0,0],[0,0],[-1.993,1.986],[-3.029,0],[-1.985,-1.984],[0,0],[0,0],[0,0],[0,0],[0,0],[0,0],[0,0],[0,0],[0,0],[0,0],[0,0],[0,0],[0,0],[0,0],[0,0],[0,0],[0,0],[0,0],[0,0],[0,0],[0,0],[0,0],[0,0],[0,0],[0,0],[0,0],[0,0],[0,0],[0,0],[0,0],[0,0],[0,0],[0,0],[0,0],[0,0],[0,0],[0,0],[0,0],[0,0],[0,0],[0,0],[0,0],[0,0],[0,0],[0,0],[0,0],[0,0],[0,0],[0,0],[0,0],[0,0],[0,0],[0,0],[0,0],[0,0],[0,0],[0,0],[0,0],[0,0],[0,0],[0,0],[0,0],[0,0],[0,0],[0,0],[0,0],[0,0],[0,0],[0,0],[0,0],[0,0],[0,0],[0,0],[0,0],[0,0],[0,0],[0,0],[0,0],[0,0],[0,0],[0,0]],"v":[[-35.774,48.278],[-31.907,45.775],[-31.907,-14.008],[-30.744,-16.782],[11.258,-58.785],[14.008,-59.924],[17.761,-59.925],[20.26,-63.778],[20.275,-63.793],[28.018,-67.006],[35.76,-63.793],[35.775,-63.778],[38.988,-56.035],[35.775,-48.293],[35.76,-48.278],[28.018,-45.065],[20.284,-48.27],[20.261,-48.293],[17.763,-52.146],[15.618,-52.146],[-24.129,-12.398],[-24.129,45.775],[-20.261,48.278],[-17.047,56.034],[-20.253,63.769],[-20.261,63.777],[-20.276,63.792],[-28.018,67.006],[-35.774,63.792],[-38.988,56.034],[-38.987,55.893],[-38.984,55.752],[-38.981,55.611],[-38.974,55.47],[-38.965,55.33],[-38.956,55.191],[-38.945,55.051],[-38.931,54.913],[-38.917,54.776],[-38.9,54.638],[-38.882,54.501],[-38.861,54.364],[-38.84,54.229],[-38.817,54.093],[-38.792,53.958],[-38.765,53.824],[-38.737,53.691],[-38.707,53.557],[-38.675,53.425],[-38.643,53.293],[-38.607,53.163],[-38.572,53.031],[-38.534,52.902],[-38.495,52.773],[-38.454,52.645],[-38.412,52.517],[-38.411,52.517],[-38.367,52.389],[-38.322,52.263],[-38.274,52.137],[-38.227,52.013],[-38.177,51.888],[-38.126,51.765],[-38.073,51.643],[-38.019,51.521],[-38.018,51.521],[-37.963,51.399],[-37.907,51.279],[-37.905,51.278],[-37.847,51.16],[-37.787,51.041],[-37.727,50.923],[-37.726,50.923],[-37.664,50.806],[-37.6,50.69],[-37.534,50.574],[-37.467,50.46],[-37.4,50.347],[-37.399,50.347],[-37.33,50.235],[-37.259,50.122],[-37.188,50.011],[-37.187,50.011],[-37.114,49.902],[-37.113,49.901],[-37.04,49.793],[-37.039,49.792],[-36.964,49.685],[-36.964,49.684],[-36.886,49.578],[-36.809,49.472],[-36.808,49.471],[-36.729,49.367],[-36.729,49.366],[-36.648,49.263],[-36.648,49.261],[-36.566,49.159],[-36.483,49.057],[-36.482,49.057],[-36.398,48.956],[-36.312,48.856],[-36.226,48.757],[-36.138,48.66],[-36.138,48.659],[-36.049,48.562],[-36.048,48.562],[-35.959,48.467],[-35.958,48.466],[-35.868,48.372],[-35.867,48.371]],"c":true},"ix":2},"nm":"Path 1","mn":"ADBE Vector Shape - Group","hd":false},{"ind":1,"ty":"sh","ix":2,"ks":{"a":0,"k":{"i":[[0.577,0.577],[0.85,0.022],[0,0],[0,0],[0.577,-0.577],[0,0],[0,0],[0,0],[0,0],[0,0],[0,0],[0,0],[0,0],[0,0],[0,0],[0,0],[0,0],[0,0],[0,0],[0,0],[0,0],[0,0],[0,0],[0,0],[0,0],[0,0],[0,0],[0,0],[0,0],[0,0],[0,0],[0,0],[0,0],[0,0],[0,0],[0,0],[0,0],[0,0],[0,0],[0,0],[0,0],[0,0],[0,0],[0,0],[0,0],[0,0],[0,0],[0,0],[0,0],[0,0],[0,0],[0,0],[0,0],[0,0],[0,0],[0,0],[0,0],[0,0],[0,0],[0,0],[0,0],[0,0],[0,0],[0,0],[0,0],[0,0],[0,0],[0,0],[0,0],[0,0],[0,0],[0,0],[0,0],[0,0],[0,0],[0,0],[0,0],[0,0],[0,0],[0,0],[0,0],[0,0],[0,0],[0,0],[0,0],[0,0],[0,0],[-0.576,-0.577],[-0.882,0],[-0.568,0.568],[0,0],[0,0.892]],"o":[[-0.558,-0.559],[0,0],[0,0],[-0.881,0],[0,0],[0,0],[0,0],[0,0],[0,0],[0,0],[0,0],[0,0],[0,0],[0,0],[0,0],[0,0],[0,0],[0,0],[0,0],[0,0],[0,0],[0,0],[0,0],[0,0],[0,0],[0,0],[0,0],[0,0],[0,0],[0,0],[0,0],[0,0],[0,0],[0,0],[0,0],[0,0],[0,0],[0,0],[0,0],[0,0],[0,0],[0,0],[0,0],[0,0],[0,0],[0,0],[0,0],[0,0],[0,0],[0,0],[0,0],[0,0],[0,0],[0,0],[0,0],[0,0],[0,0],[0,0],[0,0],[0,0],[0,0],[0,0],[0,0],[0,0],[0,0],[0,0],[0,0],[0,0],[0,0],[0,0],[0,0],[0,0],[0,0],[0,0],[0,0],[0,0],[0,0],[0,0],[0,0],[0,0],[0,0],[0,0],[0,0],[0,0],[0,0],[0,0],[0,0.883],[0.577,0.577],[0.891,0],[0,0],[0.567,-0.568],[0,-0.881]],"v":[[-25.76,53.777],[-27.936,52.843],[-27.938,52.842],[-28.018,52.842],[-30.275,53.777],[-30.276,53.778],[-30.302,53.804],[-30.304,53.805],[-30.329,53.832],[-30.33,53.832],[-30.355,53.86],[-30.356,53.86],[-30.381,53.887],[-30.382,53.888],[-30.407,53.916],[-30.407,53.917],[-30.432,53.945],[-30.456,53.974],[-30.458,53.974],[-30.482,54.003],[-30.482,54.005],[-30.505,54.033],[-30.529,54.064],[-30.553,54.093],[-30.553,54.094],[-30.576,54.124],[-30.599,54.155],[-30.621,54.186],[-30.643,54.217],[-30.643,54.218],[-30.666,54.249],[-30.666,54.25],[-30.686,54.281],[-30.687,54.281],[-30.707,54.313],[-30.708,54.313],[-30.729,54.346],[-30.748,54.379],[-30.768,54.411],[-30.787,54.445],[-30.806,54.478],[-30.807,54.478],[-30.824,54.513],[-30.825,54.513],[-30.843,54.546],[-30.843,54.547],[-30.861,54.58],[-30.861,54.581],[-30.878,54.615],[-30.895,54.65],[-30.911,54.685],[-30.912,54.685],[-30.928,54.72],[-30.944,54.756],[-30.959,54.792],[-30.974,54.828],[-30.988,54.863],[-31.003,54.9],[-31.017,54.937],[-31.029,54.973],[-31.042,55.01],[-31.055,55.048],[-31.066,55.085],[-31.078,55.122],[-31.089,55.161],[-31.1,55.199],[-31.11,55.236],[-31.119,55.275],[-31.128,55.314],[-31.137,55.352],[-31.146,55.391],[-31.153,55.431],[-31.161,55.469],[-31.167,55.509],[-31.174,55.549],[-31.179,55.589],[-31.185,55.628],[-31.189,55.668],[-31.194,55.708],[-31.198,55.748],[-31.201,55.789],[-31.204,55.83],[-31.206,55.871],[-31.208,55.911],[-31.21,55.952],[-31.21,55.994],[-31.21,56.034],[-30.276,58.293],[-28.018,59.228],[-25.76,58.307],[-25.745,58.293],[-24.825,56.034]],"c":true},"ix":2},"nm":"Path 2","mn":"ADBE Vector Shape - Group","hd":false},{"ind":2,"ty":"sh","ix":3,"ks":{"a":0,"k":{"i":[[-0.892,0],[-0.576,0.573],[0,0.888],[0.572,0.575],[0.888,0],[0.576,-0.573],[0,-0.889],[-0.569,-0.567],[0,0]],"o":[[0.888,0],[0.572,-0.575],[0,-0.889],[-0.576,-0.573],[-0.888,0],[-0.572,0.575],[0,0.891],[0,0],[0.568,0.568]],"v":[[28.018,-52.843],[30.283,-53.77],[31.21,-56.035],[30.283,-58.3],[28.018,-59.227],[25.752,-58.3],[24.825,-56.035],[25.746,-53.778],[25.76,-53.763]],"c":true},"ix":2},"nm":"Path 3","mn":"ADBE Vector Shape - Group","hd":false},{"ty":"mm","mm":1,"nm":"Merge Paths 1","mn":"ADBE Vector Filter - Merge","hd":false},{"ty":"fl","c":{"a":0,"k":[0.067000003889,0.263000009574,0.6,1],"ix":4},"o":{"a":0,"k":100,"ix":5},"r":1,"nm":"Fill 1","mn":"ADBE Vector Graphic - Fill","hd":false},{"ty":"tr","p":{"a":0,"k":[162.433,73.669],"ix":2},"a":{"a":0,"k":[0,0],"ix":1},"s":{"a":0,"k":[100,100],"ix":3},"r":{"a":0,"k":0,"ix":6},"o":{"a":0,"k":100,"ix":7},"sk":{"a":0,"k":0,"ix":4},"sa":{"a":0,"k":0,"ix":5},"nm":"Transform"}],"nm":"Group 14","np":5,"cix":2,"ix":14,"mn":"ADBE Vector Group","hd":false},{"ty":"gr","it":[{"ind":0,"ty":"sh","ix":1,"ks":{"a":0,"k":{"i":[[8.934,-2.659],[0.306,1.028],[-1.028,0.305],[-9.541,0.018],[-9.757,-2.83],[0.297,-1.028],[1.028,0.297],[9.151,-0.016]],"o":[[-1.027,0.306],[-0.306,-1.027],[9.266,-2.758],[9.519,-0.017],[1.028,0.296],[-0.297,1.027],[-9.405,-2.728],[-9.135,0.018]],"v":[[-27.458,3.813],[-29.874,2.506],[-28.567,0.091],[-0.355,-4.101],[28.561,0.091],[29.883,2.491],[27.482,3.813],[-0.355,-0.228]],"c":true},"ix":2},"nm":"Path 1","mn":"ADBE Vector Shape - Group","hd":false},{"ty":"fl","c":{"a":0,"k":[0.26699999641,0.760999971278,0.957000014361,1],"ix":4},"o":{"a":0,"k":100,"ix":5},"r":1,"nm":"Fill 1","mn":"ADBE Vector Graphic - Fill","hd":false},{"ty":"tr","p":{"a":0,"k":[274.498,131.867],"ix":2},"a":{"a":0,"k":[0,0],"ix":1},"s":{"a":0,"k":[100,100],"ix":3},"r":{"a":0,"k":0,"ix":6},"o":{"a":0,"k":100,"ix":7},"sk":{"a":0,"k":0,"ix":4},"sa":{"a":0,"k":0,"ix":5},"nm":"Transform"}],"nm":"Group 15","np":2,"cix":2,"ix":15,"mn":"ADBE Vector Group","hd":false},{"ty":"gr","it":[{"ind":0,"ty":"sh","ix":1,"ks":{"a":0,"k":{"i":[[0.68,1.203],[0,0],[1.48,0],[0,2.187],[-2.187,0],[-0.679,-1.203],[0,0],[-1.479,0],[0,-2.186],[2.187,0]],"o":[[0,0],[-0.679,1.203],[-2.187,0],[0,-2.186],[1.48,0],[0,0],[0.68,-1.203],[2.187,0],[0,2.187],[-1.481,0]],"v":[[10.559,1.944],[-10.56,1.944],[-14.009,3.959],[-17.969,-0.001],[-14.009,-3.959],[-10.56,-1.945],[10.559,-1.945],[14.009,-3.959],[17.969,-0.001],[14.009,3.959]],"c":true},"ix":2},"nm":"Path 1","mn":"ADBE Vector Shape - Group","hd":false},{"ty":"fl","c":{"a":0,"k":[0.067000003889,0.263000009574,0.6,1],"ix":4},"o":{"a":0,"k":100,"ix":5},"r":1,"nm":"Fill 1","mn":"ADBE Vector Graphic - Fill","hd":false},{"ty":"tr","p":{"a":0,"k":[204.459,101.687],"ix":2},"a":{"a":0,"k":[0,0],"ix":1},"s":{"a":0,"k":[100,100],"ix":3},"r":{"a":0,"k":0,"ix":6},"o":{"a":0,"k":100,"ix":7},"sk":{"a":0,"k":0,"ix":4},"sa":{"a":0,"k":0,"ix":5},"nm":"Transform"}],"nm":"Group 16","np":2,"cix":2,"ix":16,"mn":"ADBE Vector Group","hd":false},{"ty":"gr","it":[{"ind":0,"ty":"sh","ix":1,"ks":{"a":0,"k":{"i":[[-0.68,-1.203],[0,0],[0,0],[0,1.479],[-2.186,0],[0,-2.187],[1.203,-0.679],[0,0],[1.074,0],[0,0],[1.479,0],[0,2.187],[-2.188,0]],"o":[[0,0],[0,0],[-1.203,-0.679],[0,-2.187],[2.187,0],[0,1.48],[0,0],[0,1.074],[0,0],[-0.68,1.202],[-2.188,0],[0,-2.187],[1.48,0]],"v":[[-10.559,12.065],[12.064,12.065],[12.064,-10.559],[10.049,-14.008],[14.008,-17.968],[17.969,-14.008],[15.954,-10.559],[15.954,14.009],[14.008,15.954],[-10.559,15.954],[-14.008,17.968],[-17.969,14.009],[-14.008,10.049]],"c":true},"ix":2},"nm":"Path 1","mn":"ADBE Vector Shape - Group","hd":false},{"ty":"fl","c":{"a":0,"k":[0.26699999641,0.760999971278,0.957000014361,1],"ix":4},"o":{"a":0,"k":100,"ix":5},"r":1,"nm":"Fill 1","mn":"ADBE Vector Graphic - Fill","hd":false},{"ty":"tr","p":{"a":0,"k":[204.459,59.659],"ix":2},"a":{"a":0,"k":[0,0],"ix":1},"s":{"a":0,"k":[100,100],"ix":3},"r":{"a":0,"k":0,"ix":6},"o":{"a":0,"k":100,"ix":7},"sk":{"a":0,"k":0,"ix":4},"sa":{"a":0,"k":0,"ix":5},"nm":"Transform"}],"nm":"Group 17","np":2,"cix":2,"ix":17,"mn":"ADBE Vector Group","hd":false}],"ip":0,"op":600.000024438501,"st":0,"bm":0}],"markers":[]}